class,id
e,1
e,2
e,3
p,4
e,5
e,6
e,7
e,8
e,9
e,10
p,11
p,12
e,13
e,14
e,15
e,16
e,17
e,18
e,19
e,20
p,21
e,22
e,23
e,24
e,25
e,26
e,27
e,28
e,29
e,30
e,31
e,32
e,33
p,34
e,35
e,36
e,37
p,38
e,39
e,40
e,41
e,42
e,43
e,44
p,45
e,46
e,47
e,48
e,49
e,50
e,51
e,52
e,53
e,54
e,55
e,56
e,57
e,58
e,59
e,60
e,61
e,62
e,63
e,64
e,65
e,66
e,67
p,68
e,69
e,70
e,71
e,72
e,73
e,74
e,75
e,76
e,77
e,78
e,79
p,80
e,81
e,82
e,83
p,84
e,85
e,86
e,87
e,88
e,89
e,90
p,91
e,92
e,93
e,94
e,95
e,96
p,97
e,98
e,99
e,100
e,101
e,102
e,103
e,104
e,105
e,106
e,107
e,108
e,109
e,110
e,111
e,112
e,113
e,114
e,115
e,116
p,117
e,118
e,119
e,120
e,121
e,122
e,123
e,124
e,125
p,126
e,127
e,128
e,129
e,130
e,131
e,132
e,133
e,134
e,135
e,136
e,137
e,138
e,139
e,140
e,141
e,142
e,143
e,144
e,145
e,146
e,147
e,148
e,149
e,150
e,151
e,152
e,153
p,154
e,155
e,156
e,157
e,158
e,159
p,160
p,161
e,162
e,163
e,164
e,165
e,166
e,167
e,168
p,169
e,170
e,171
e,172
e,173
e,174
e,175
e,176
e,177
e,178
e,179
e,180
e,181
p,182
e,183
e,184
e,185
e,186
e,187
e,188
e,189
e,190
e,191
e,192
e,193
e,194
e,195
e,196
e,197
e,198
e,199
e,200
e,201
e,202
e,203
e,204
e,205
p,206
e,207
e,208
p,209
e,210
e,211
e,212
e,213
e,214
e,215
e,216
e,217
e,218
e,219
e,220
e,221
e,222
p,223
e,224
e,225
e,226
e,227
e,228
e,229
e,230
e,231
e,232
e,233
e,234
e,235
e,236
e,237
e,238
e,239
p,240
e,241
e,242
e,243
p,244
e,245
e,246
e,247
e,248
e,249
e,250
e,251
e,252
e,253
p,254
e,255
e,256
e,257
e,258
e,259
e,260
e,261
e,262
e,263
e,264
e,265
e,266
e,267
e,268
e,269
e,270
p,271
e,272
p,273
e,274
e,275
e,276
e,277
e,278
e,279
e,280
e,281
p,282
e,283
e,284
e,285
p,286
p,287
e,288
p,289
e,290
e,291
e,292
e,293
e,294
e,295
e,296
e,297
e,298
e,299
e,300
e,301
e,302
p,303
e,304
e,305
e,306
p,307
e,308
e,309
e,310
p,311
e,312
p,313
e,314
e,315
e,316
e,317
e,318
e,319
e,320
p,321
e,322
e,323
e,324
p,325
e,326
e,327
p,328
e,329
e,330
e,331
e,332
p,333
e,334
e,335
e,336
e,337
e,338
e,339
p,340
e,341
e,342
e,343
e,344
e,345
e,346
e,347
e,348
e,349
e,350
e,351
p,352
e,353
e,354
e,355
e,356
e,357
e,358
e,359
e,360
e,361
p,362
e,363
e,364
e,365
e,366
p,367
e,368
e,369
p,370
e,371
e,372
e,373
e,374
p,375
e,376
e,377
p,378
p,379
e,380
e,381
p,382
p,383
e,384
e,385
e,386
e,387
e,388
e,389
e,390
p,391
e,392
e,393
e,394
e,395
e,396
e,397
e,398
e,399
e,400
e,401
e,402
e,403
e,404
e,405
e,406
e,407
e,408
e,409
e,410
e,411
e,412
p,413
e,414
e,415
e,416
e,417
e,418
e,419
e,420
e,421
e,422
e,423
e,424
p,425
e,426
e,427
p,428
e,429
e,430
e,431
e,432
e,433
e,434
p,435
e,436
e,437
e,438
e,439
p,440
e,441
e,442
p,443
e,444
e,445
e,446
e,447
e,448
e,449
e,450
e,451
e,452
e,453
e,454
e,455
e,456
e,457
p,458
p,459
e,460
p,461
e,462
e,463
e,464
e,465
e,466
e,467
e,468
e,469
e,470
e,471
p,472
e,473
p,474
e,475
e,476
e,477
e,478
e,479
p,480
e,481
e,482
e,483
p,484
e,485
e,486
e,487
e,488
e,489
e,490
e,491
e,492
e,493
e,494
e,495
e,496
e,497
p,498
p,499
e,500
e,501
e,502
p,503
e,504
e,505
e,506
e,507
e,508
e,509
p,510
e,511
e,512
e,513
e,514
e,515
p,516
e,517
e,518
e,519
e,520
p,521
p,522
e,523
p,524
e,525
e,526
e,527
e,528
e,529
e,530
e,531
e,532
e,533
e,534
e,535
e,536
e,537
e,538
p,539
e,540
e,541
e,542
e,543
e,544
p,545
e,546
e,547
e,548
e,549
e,550
p,551
e,552
e,553
e,554
e,555
e,556
e,557
e,558
e,559
e,560
p,561
e,562
e,563
e,564
e,565
e,566
e,567
e,568
e,569
e,570
e,571
e,572
e,573
e,574
e,575
e,576
p,577
e,578
e,579
e,580
e,581
e,582
e,583
e,584
e,585
p,586
e,587
e,588
e,589
e,590
e,591
e,592
p,593
p,594
e,595
e,596
e,597
e,598
e,599
e,600
e,601
e,602
e,603
e,604
e,605
e,606
e,607
e,608
e,609
e,610
e,611
e,612
e,613
e,614
e,615
e,616
e,617
e,618
e,619
e,620
e,621
e,622
e,623
p,624
e,625
e,626
e,627
e,628
e,629
e,630
e,631
e,632
e,633
e,634
e,635
e,636
e,637
e,638
e,639
e,640
e,641
e,642
e,643
p,644
e,645
e,646
e,647
e,648
e,649
e,650
e,651
e,652
e,653
e,654
e,655
e,656
e,657
e,658
e,659
e,660
e,661
e,662
e,663
e,664
e,665
e,666
e,667
p,668
e,669
e,670
e,671
e,672
e,673
e,674
e,675
e,676
e,677
e,678
e,679
e,680
e,681
p,682
e,683
e,684
e,685
e,686
e,687
e,688
e,689
e,690
e,691
e,692
e,693
e,694
e,695
e,696
e,697
e,698
e,699
e,700
e,701
e,702
e,703
e,704
e,705
e,706
e,707
e,708
p,709
e,710
e,711
e,712
e,713
e,714
e,715
e,716
e,717
e,718
e,719
e,720
e,721
e,722
e,723
e,724
e,725
e,726
p,727
e,728
e,729
p,730
e,731
e,732
e,733
e,734
e,735
e,736
e,737
e,738
p,739
e,740
e,741
e,742
e,743
e,744
p,745
e,746
p,747
p,748
e,749
e,750
e,751
e,752
e,753
e,754
e,755
e,756
e,757
p,758
e,759
p,760
e,761
e,762
e,763
e,764
e,765
e,766
e,767
e,768
e,769
e,770
e,771
e,772
e,773
e,774
e,775
e,776
e,777
e,778
e,779
e,780
e,781
e,782
e,783
e,784
e,785
e,786
e,787
e,788
e,789
e,790
e,791
e,792
e,793
e,794
e,795
e,796
e,797
e,798
e,799
e,800
e,801
e,802
e,803
e,804
e,805
e,806
e,807
e,808
e,809
e,810
e,811
e,812
e,813
e,814
e,815
e,816
e,817
e,818
e,819
e,820
e,821
e,822
e,823
e,824
e,825
e,826
e,827
e,828
e,829
e,830
e,831
e,832
e,833
e,834
e,835
e,836
e,837
e,838
e,839
e,840
e,841
e,842
e,843
e,844
e,845
e,846
e,847
e,848
e,849
p,850
e,851
e,852
e,853
e,854
e,855
e,856
e,857
p,858
e,859
e,860
e,861
e,862
e,863
e,864
e,865
e,866
e,867
e,868
e,869
e,870
e,871
p,872
e,873
e,874
e,875
e,876
e,877
e,878
e,879
e,880
e,881
e,882
e,883
e,884
e,885
e,886
e,887
e,888
e,889
p,890
p,891
e,892
e,893
e,894
e,895
e,896
e,897
e,898
e,899
e,900
p,901
e,902
e,903
p,904
e,905
e,906
e,907
e,908
e,909
p,910
e,911
e,912
p,913
e,914
e,915
e,916
p,917
e,918
e,919
p,920
e,921
e,922
e,923
e,924
e,925
e,926
p,927
e,928
e,929
e,930
e,931
e,932
e,933
e,934
e,935
p,936
e,937
e,938
p,939
e,940
e,941
p,942
e,943
e,944
e,945
e,946
e,947
e,948
e,949
e,950
e,951
p,952
e,953
p,954
e,955
p,956
e,957
p,958
e,959
p,960
p,961
p,962
p,963
e,964
p,965
e,966
p,967
e,968
p,969
p,970
e,971
e,972
p,973
p,974
p,975
e,976
e,977
p,978
e,979
e,980
e,981
e,982
e,983
e,984
p,985
p,986
p,987
p,988
e,989
p,990
e,991
p,992
p,993
p,994
e,995
e,996
p,997
e,998
e,999
e,1000
e,1001
e,1002
e,1003
e,1004
p,1005
p,1006
e,1007
p,1008
e,1009
e,1010
e,1011
e,1012
p,1013
e,1014
e,1015
e,1016
p,1017
p,1018
e,1019
p,1020
e,1021
e,1022
p,1023
e,1024
e,1025
p,1026
p,1027
e,1028
e,1029
p,1030
e,1031
e,1032
e,1033
e,1034
e,1035
e,1036
p,1037
p,1038
e,1039
e,1040
e,1041
e,1042
e,1043
p,1044
p,1045
e,1046
e,1047
e,1048
e,1049
e,1050
p,1051
e,1052
e,1053
p,1054
e,1055
e,1056
p,1057
e,1058
e,1059
p,1060
p,1061
p,1062
p,1063
p,1064
p,1065
e,1066
e,1067
e,1068
p,1069
e,1070
p,1071
p,1072
e,1073
p,1074
e,1075
e,1076
e,1077
p,1078
e,1079
e,1080
p,1081
p,1082
e,1083
p,1084
e,1085
e,1086
p,1087
e,1088
e,1089
p,1090
e,1091
p,1092
e,1093
e,1094
e,1095
p,1096
p,1097
e,1098
e,1099
e,1100
p,1101
e,1102
p,1103
e,1104
e,1105
e,1106
e,1107
e,1108
e,1109
p,1110
e,1111
e,1112
p,1113
e,1114
p,1115
p,1116
p,1117
e,1118
e,1119
e,1120
e,1121
e,1122
e,1123
e,1124
p,1125
e,1126
p,1127
p,1128
e,1129
e,1130
e,1131
p,1132
e,1133
p,1134
p,1135
p,1136
e,1137
e,1138
p,1139
p,1140
p,1141
e,1142
p,1143
e,1144
p,1145
p,1146
p,1147
p,1148
p,1149
p,1150
p,1151
p,1152
e,1153
p,1154
e,1155
p,1156
p,1157
e,1158
p,1159
p,1160
p,1161
p,1162
p,1163
e,1164
p,1165
e,1166
p,1167
p,1168
p,1169
p,1170
p,1171
e,1172
p,1173
e,1174
p,1175
p,1176
e,1177
p,1178
p,1179
p,1180
e,1181
e,1182
p,1183
e,1184
p,1185
p,1186
p,1187
e,1188
p,1189
p,1190
p,1191
p,1192
p,1193
p,1194
p,1195
p,1196
p,1197
p,1198
p,1199
e,1200
p,1201
p,1202
e,1203
p,1204
p,1205
e,1206
p,1207
p,1208
p,1209
p,1210
p,1211
p,1212
p,1213
p,1214
e,1215
p,1216
p,1217
p,1218
e,1219
p,1220
p,1221
p,1222
p,1223
p,1224
e,1225
e,1226
e,1227
e,1228
p,1229
p,1230
e,1231
p,1232
p,1233
e,1234
e,1235
p,1236
p,1237
e,1238
p,1239
p,1240
p,1241
e,1242
p,1243
p,1244
p,1245
p,1246
p,1247
p,1248
p,1249
p,1250
p,1251
p,1252
p,1253
p,1254
p,1255
p,1256
p,1257
p,1258
e,1259
p,1260
p,1261
p,1262
p,1263
p,1264
p,1265
p,1266
p,1267
p,1268
p,1269
p,1270
p,1271
p,1272
p,1273
e,1274
p,1275
p,1276
p,1277
p,1278
p,1279
p,1280
p,1281
p,1282
p,1283
p,1284
p,1285
p,1286
p,1287
p,1288
p,1289
p,1290
p,1291
p,1292
p,1293
p,1294
p,1295
e,1296
p,1297
p,1298
p,1299
p,1300
p,1301
e,1302
p,1303
p,1304
p,1305
p,1306
e,1307
p,1308
p,1309
p,1310
p,1311
p,1312
e,1313
p,1314
p,1315
p,1316
p,1317
p,1318
p,1319
p,1320
p,1321
p,1322
p,1323
p,1324
p,1325
p,1326
p,1327
p,1328
p,1329
p,1330
p,1331
p,1332
p,1333
p,1334
p,1335
p,1336
p,1337
p,1338
p,1339
p,1340
p,1341
p,1342
p,1343
p,1344
p,1345
e,1346
p,1347
p,1348
p,1349
p,1350
p,1351
p,1352
p,1353
p,1354
p,1355
p,1356
p,1357
p,1358
p,1359
p,1360
p,1361
p,1362
e,1363
p,1364
p,1365
p,1366
p,1367
p,1368
p,1369
p,1370
p,1371
p,1372
p,1373
e,1374
p,1375
e,1376
p,1377
p,1378
e,1379
p,1380
p,1381
p,1382
p,1383
p,1384
p,1385
p,1386
p,1387
p,1388
p,1389
p,1390
p,1391
p,1392
p,1393
p,1394
p,1395
p,1396
p,1397
e,1398
p,1399
p,1400
p,1401
p,1402
p,1403
p,1404
p,1405
p,1406
p,1407
p,1408
p,1409
p,1410
p,1411
p,1412
p,1413
p,1414
p,1415
p,1416
p,1417
e,1418
p,1419
p,1420
e,1421
p,1422
p,1423
p,1424
p,1425
p,1426
p,1427
p,1428
e,1429
p,1430
p,1431
p,1432
p,1433
p,1434
p,1435
p,1436
p,1437
p,1438
p,1439
e,1440
p,1441
p,1442
e,1443
p,1444
p,1445
p,1446
p,1447
p,1448
e,1449
p,1450
p,1451
p,1452
e,1453
e,1454
p,1455
p,1456
p,1457
p,1458
p,1459
p,1460
p,1461
p,1462
p,1463
p,1464
p,1465
p,1466
p,1467
p,1468
p,1469
p,1470
p,1471
p,1472
p,1473
p,1474
p,1475
e,1476
p,1477
p,1478
p,1479
p,1480
p,1481
e,1482
p,1483
p,1484
p,1485
p,1486
e,1487
p,1488
p,1489
p,1490
p,1491
p,1492
p,1493
p,1494
p,1495
p,1496
e,1497
p,1498
p,1499
p,1500
p,1501
p,1502
p,1503
p,1504
e,1505
p,1506
p,1507
p,1508
p,1509
p,1510
p,1511
p,1512
p,1513
p,1514
p,1515
p,1516
e,1517
p,1518
e,1519
p,1520
p,1521
e,1522
e,1523
e,1524
p,1525
p,1526
p,1527
p,1528
p,1529
p,1530
p,1531
p,1532
p,1533
p,1534
p,1535
e,1536
p,1537
p,1538
e,1539
p,1540
p,1541
p,1542
e,1543
p,1544
e,1545
e,1546
p,1547
p,1548
p,1549
p,1550
p,1551
e,1552
p,1553
p,1554
p,1555
e,1556
p,1557
p,1558
p,1559
p,1560
p,1561
p,1562
p,1563
e,1564
p,1565
p,1566
e,1567
p,1568
p,1569
p,1570
e,1571
p,1572
p,1573
p,1574
p,1575
p,1576
e,1577
p,1578
e,1579
e,1580
p,1581
p,1582
p,1583
p,1584
p,1585
p,1586
p,1587
p,1588
p,1589
p,1590
e,1591
p,1592
p,1593
p,1594
p,1595
p,1596
p,1597
p,1598
e,1599
p,1600
e,1601
p,1602
p,1603
p,1604
p,1605
p,1606
p,1607
e,1608
e,1609
p,1610
p,1611
p,1612
e,1613
p,1614
e,1615
p,1616
p,1617
e,1618
p,1619
p,1620
e,1621
p,1622
p,1623
p,1624
p,1625
p,1626
p,1627
p,1628
p,1629
p,1630
e,1631
p,1632
e,1633
p,1634
p,1635
p,1636
e,1637
e,1638
p,1639
p,1640
e,1641
e,1642
p,1643
e,1644
e,1645
p,1646
e,1647
p,1648
p,1649
e,1650
p,1651
p,1652
p,1653
e,1654
p,1655
p,1656
p,1657
p,1658
p,1659
p,1660
e,1661
e,1662
p,1663
p,1664
p,1665
p,1666
e,1667
e,1668
p,1669
p,1670
e,1671
p,1672
e,1673
p,1674
p,1675
p,1676
p,1677
p,1678
p,1679
p,1680
p,1681
p,1682
p,1683
p,1684
p,1685
p,1686
p,1687
p,1688
e,1689
e,1690
p,1691
e,1692
p,1693
p,1694
p,1695
p,1696
p,1697
e,1698
p,1699
p,1700
e,1701
e,1702
e,1703
p,1704
p,1705
p,1706
e,1707
p,1708
p,1709
p,1710
p,1711
e,1712
e,1713
p,1714
e,1715
p,1716
e,1717
e,1718
p,1719
p,1720
e,1721
p,1722
p,1723
p,1724
e,1725
p,1726
p,1727
e,1728
p,1729
e,1730
p,1731
p,1732
p,1733
p,1734
e,1735
p,1736
e,1737
p,1738
p,1739
e,1740
e,1741
p,1742
e,1743
e,1744
p,1745
p,1746
p,1747
e,1748
p,1749
p,1750
p,1751
e,1752
p,1753
p,1754
p,1755
e,1756
p,1757
p,1758
e,1759
p,1760
e,1761
e,1762
p,1763
e,1764
p,1765
p,1766
p,1767
p,1768
p,1769
p,1770
p,1771
p,1772
p,1773
p,1774
e,1775
e,1776
p,1777
e,1778
e,1779
e,1780
p,1781
p,1782
p,1783
p,1784
p,1785
e,1786
p,1787
p,1788
e,1789
e,1790
p,1791
p,1792
p,1793
p,1794
p,1795
p,1796
p,1797
p,1798
p,1799
e,1800
p,1801
p,1802
p,1803
p,1804
p,1805
p,1806
p,1807
p,1808
p,1809
p,1810
p,1811
p,1812
p,1813
p,1814
p,1815
p,1816
p,1817
p,1818
p,1819
p,1820
p,1821
e,1822
p,1823
p,1824
p,1825
p,1826
p,1827
p,1828
p,1829
e,1830
p,1831
p,1832
p,1833
p,1834
p,1835
p,1836
p,1837
p,1838
p,1839
p,1840
p,1841
p,1842
p,1843
p,1844
p,1845
p,1846
p,1847
p,1848
p,1849
p,1850
p,1851
p,1852
p,1853
p,1854
p,1855
p,1856
p,1857
p,1858
p,1859
p,1860
p,1861
e,1862
p,1863
p,1864
p,1865
e,1866
p,1867
p,1868
p,1869
p,1870
p,1871
p,1872
p,1873
p,1874
p,1875
p,1876
p,1877
p,1878
p,1879
p,1880
p,1881
p,1882
e,1883
p,1884
p,1885
p,1886
p,1887
p,1888
p,1889
p,1890
p,1891
p,1892
p,1893
p,1894
e,1895
p,1896
p,1897
p,1898
p,1899
p,1900
p,1901
p,1902
p,1903
p,1904
p,1905
p,1906
e,1907
p,1908
p,1909
p,1910
p,1911
p,1912
p,1913
p,1914
p,1915
p,1916
p,1917
p,1918
e,1919
p,1920
p,1921
p,1922
p,1923
p,1924
p,1925
p,1926
p,1927
p,1928
p,1929
p,1930
p,1931
p,1932
p,1933
p,1934
p,1935
p,1936
p,1937
p,1938
p,1939
p,1940
p,1941
p,1942
p,1943
p,1944
p,1945
e,1946
p,1947
p,1948
p,1949
p,1950
p,1951
p,1952
p,1953
p,1954
p,1955
p,1956
p,1957
p,1958
p,1959
p,1960
p,1961
p,1962
p,1963
p,1964
p,1965
p,1966
p,1967
p,1968
p,1969
p,1970
p,1971
p,1972
p,1973
p,1974
p,1975
p,1976
p,1977
p,1978
p,1979
p,1980
p,1981
p,1982
p,1983
p,1984
p,1985
p,1986
p,1987
p,1988
p,1989
p,1990
p,1991
e,1992
p,1993
p,1994
p,1995
p,1996
p,1997
p,1998
p,1999
p,2000
p,2001
p,2002
p,2003
p,2004
p,2005
p,2006
p,2007
p,2008
p,2009
p,2010
p,2011
p,2012
p,2013
p,2014
p,2015
p,2016
p,2017
e,2018
p,2019
e,2020
e,2021
p,2022
p,2023
p,2024
p,2025
p,2026
p,2027
p,2028
p,2029
p,2030
p,2031
p,2032
p,2033
p,2034
p,2035
p,2036
p,2037
p,2038
p,2039
p,2040
p,2041
p,2042
p,2043
p,2044
p,2045
e,2046
p,2047
p,2048
p,2049
p,2050
p,2051
p,2052
p,2053
p,2054
p,2055
p,2056
p,2057
p,2058
p,2059
e,2060
e,2061
e,2062
p,2063
p,2064
p,2065
p,2066
e,2067
p,2068
e,2069
e,2070
p,2071
e,2072
p,2073
p,2074
p,2075
p,2076
p,2077
p,2078
e,2079
p,2080
p,2081
p,2082
p,2083
p,2084
p,2085
p,2086
p,2087
p,2088
p,2089
p,2090
p,2091
e,2092
e,2093
p,2094
p,2095
e,2096
e,2097
p,2098
e,2099
p,2100
e,2101
p,2102
e,2103
p,2104
e,2105
p,2106
e,2107
p,2108
e,2109
e,2110
e,2111
e,2112
p,2113
e,2114
p,2115
p,2116
p,2117
p,2118
p,2119
p,2120
e,2121
p,2122
p,2123
p,2124
p,2125
p,2126
p,2127
e,2128
p,2129
p,2130
e,2131
p,2132
p,2133
p,2134
e,2135
p,2136
p,2137
p,2138
p,2139
p,2140
p,2141
p,2142
p,2143
p,2144
p,2145
e,2146
p,2147
p,2148
p,2149
p,2150
e,2151
p,2152
p,2153
e,2154
p,2155
p,2156
p,2157
p,2158
e,2159
p,2160
e,2161
p,2162
e,2163
p,2164
p,2165
p,2166
p,2167
e,2168
p,2169
p,2170
e,2171
e,2172
p,2173
p,2174
e,2175
e,2176
p,2177
p,2178
e,2179
p,2180
e,2181
p,2182
p,2183
p,2184
p,2185
e,2186
e,2187
e,2188
e,2189
p,2190
e,2191
p,2192
p,2193
p,2194
p,2195
e,2196
e,2197
e,2198
e,2199
p,2200
p,2201
p,2202
p,2203
p,2204
p,2205
e,2206
p,2207
p,2208
p,2209
e,2210
p,2211
e,2212
e,2213
e,2214
e,2215
e,2216
p,2217
p,2218
e,2219
p,2220
e,2221
e,2222
p,2223
e,2224
p,2225
e,2226
p,2227
p,2228
e,2229
p,2230
p,2231
e,2232
e,2233
p,2234
p,2235
e,2236
e,2237
p,2238
e,2239
p,2240
e,2241
e,2242
e,2243
e,2244
p,2245
e,2246
p,2247
p,2248
p,2249
e,2250
p,2251
p,2252
p,2253
p,2254
e,2255
e,2256
p,2257
p,2258
p,2259
e,2260
p,2261
p,2262
p,2263
p,2264
e,2265
e,2266
p,2267
e,2268
p,2269
e,2270
e,2271
p,2272
p,2273
e,2274
p,2275
p,2276
p,2277
e,2278
p,2279
e,2280
p,2281
p,2282
e,2283
p,2284
e,2285
p,2286
p,2287
e,2288
p,2289
p,2290
e,2291
p,2292
p,2293
p,2294
p,2295
e,2296
e,2297
e,2298
e,2299
e,2300
e,2301
e,2302
p,2303
e,2304
e,2305
p,2306
e,2307
e,2308
e,2309
p,2310
p,2311
p,2312
e,2313
e,2314
e,2315
p,2316
p,2317
p,2318
e,2319
p,2320
p,2321
e,2322
p,2323
p,2324
e,2325
p,2326
e,2327
e,2328
e,2329
p,2330
p,2331
e,2332
e,2333
p,2334
e,2335
p,2336
e,2337
e,2338
p,2339
p,2340
p,2341
p,2342
p,2343
e,2344
p,2345
p,2346
e,2347
p,2348
p,2349
e,2350
p,2351
e,2352
p,2353
p,2354
p,2355
p,2356
p,2357
e,2358
p,2359
p,2360
e,2361
e,2362
p,2363
p,2364
e,2365
p,2366
p,2367
p,2368
p,2369
e,2370
e,2371
p,2372
e,2373
p,2374
e,2375
p,2376
e,2377
e,2378
e,2379
e,2380
p,2381
e,2382
e,2383
e,2384
p,2385
p,2386
p,2387
p,2388
p,2389
p,2390
e,2391
p,2392
p,2393
e,2394
p,2395
p,2396
e,2397
p,2398
p,2399
e,2400
p,2401
p,2402
p,2403
p,2404
e,2405
p,2406
e,2407
p,2408
p,2409
p,2410
p,2411
p,2412
p,2413
e,2414
p,2415
p,2416
e,2417
p,2418
p,2419
e,2420
e,2421
p,2422
e,2423
p,2424
e,2425
e,2426
e,2427
p,2428
e,2429
p,2430
p,2431
e,2432
p,2433
e,2434
e,2435
e,2436
p,2437
e,2438
p,2439
p,2440
e,2441
e,2442
p,2443
e,2444
p,2445
p,2446
e,2447
e,2448
p,2449
p,2450
p,2451
p,2452
p,2453
e,2454
p,2455
p,2456
e,2457
p,2458
e,2459
e,2460
e,2461
e,2462
e,2463
e,2464
p,2465
p,2466
p,2467
